{"cameraMode":{"drawMode":0,"name":"Shaded","section":"Shading Mode"},"sceneLighting":false,"audioPlay":false,"sceneViewState":{"showFog":true,"showMaterialUpdate":false,"showSkybox":false,"showFlares":true,"showImageEffects":true,"showParticleSystems":true},"in2DMode":false,"pivot":{"x":-0.2142820954322815,"y":-0.045694828033447269,"z":-0.15080919861793519},"rotation":{"x":0.08820891380310059,"y":0.3756963610649109,"z":-0.03594975173473358,"w":0.9218363165855408},"size":1.4191454648971558,"orthographic":true}