{"cameraMode":{"drawMode":0,"name":"Shaded","section":"Shading Mode"},"sceneLighting":false,"audioPlay":false,"sceneViewState":{"showFog":true,"showMaterialUpdate":false,"showSkybox":false,"showFlares":true,"showImageEffects":true,"showParticleSystems":true},"in2DMode":false,"pivot":{"x":2.19309401512146,"y":0.5017154812812805,"z":1.0643644332885743},"rotation":{"x":0.6675472855567932,"y":0.0245555080473423,"z":-0.022037062793970109,"w":0.7438361644744873},"size":1.3698803186416627,"orthographic":true}