{"cameraMode":{"drawMode":0,"name":"Shaded","section":"Shading Mode"},"sceneLighting":false,"audioPlay":false,"sceneViewState":{"showFog":true,"showMaterialUpdate":false,"showSkybox":false,"showFlares":true,"showImageEffects":true,"showParticleSystems":true},"in2DMode":false,"pivot":{"x":0.3633085787296295,"y":0.11332011222839356,"z":-0.11648920178413391},"rotation":{"x":0.5076253414154053,"y":0.07861045002937317,"z":-0.046577177941799167,"w":0.8567290902137756},"size":1.2591842412948609,"orthographic":true}